컷,시작,길이(초),방식,핵심,화면,그림 지시문,움직임,편집,완료
C001,0:00,2.5,영상,,칠흑 속에서 제트 엔진 배기구가 주황색으로 달아오르는 초근접,"anime style, Japanese TV animation look, 2D cel shading, clean confident lineart, painterly detailed background art, cinematic composition, dramatic lighting, subtle film grain, no text, 16:9, pre-dawn darkness, deep navy and black, burning amber glow on the horizon, extreme close-up of a stealth bomber jet exhaust igniting, orange heat glow in total darkness, heat distortion","exhaust glow flares brighter, heat shimmer, slight camera shake",,
C002,0:02,2.5,영상,,가게 저울 위로 커피 원두 한 알이 슬로모션으로 떨어짐,"anime style, Japanese TV animation look, 2D cel shading, clean confident lineart, painterly detailed background art, cinematic composition, dramatic lighting, subtle film grain, no text, 16:9, small Seoul coffee bean shop interior, warm tungsten light, burlap coffee sacks, cramped wooden shelves, cozy but tired mood, macro shot of a single roasted coffee bean falling onto a small digital kitchen scale, shallow depth of field","slow motion fall, bean bounces once, scale display glows",저울 화면에 숫자가 올라가는 그래픽을 직접 얹기,
C003,0:05,4.0,영상,,"새벽 기지 활주로, 박쥐 날개 같은 폭격기 실루엣이 이륙 (썸네일 A와 같은 구도)","anime style, Japanese TV animation look, 2D cel shading, clean confident lineart, painterly detailed background art, cinematic composition, dramatic lighting, subtle film grain, no text, 16:9, pre-dawn darkness, deep navy and black, burning amber glow on the horizon, wide shot of a tropical island airbase runway at dawn, a black flying-wing stealth bomber silhouette taking off, amber horizon glow, palm silhouettes","bomber lifts off and climbs toward the horizon, runway lights streak past",오버레이 06 (2026. 2. 28. 자막 바),
C004,0:09,4.0,영상,,카메라 바로 위로 지나가는 폭격기 배면,"anime style, Japanese TV animation look, 2D cel shading, clean confident lineart, painterly detailed background art, cinematic composition, dramatic lighting, subtle film grain, no text, 16:9, pre-dawn darkness, deep navy and black, burning amber glow on the horizon, low angle looking up, underside of a black flying-wing stealth bomber passing directly overhead, amber rim light on its edges","bomber passes overhead fast, camera shakes, dust blows",,
C005,0:13,4.0,정지,,세 개의 뉴스 화면이 겹친 몽타주. 앵커 얼굴은 렌즈 빛에 가려짐,"anime style, Japanese TV animation look, 2D cel shading, clean confident lineart, painterly detailed background art, cinematic composition, dramatic lighting, subtle film grain, no text, 16:9, split screen of three TV news studios, anchors in suits with faces hidden by strong lens flare, red and blue studio lights",,,
C006,0:17,2.0,정지,,"가게 벽걸이 TV에 같은 뉴스, 카메라가 빠지며 가게 안으로","anime style, Japanese TV animation look, 2D cel shading, clean confident lineart, painterly detailed background art, cinematic composition, dramatic lighting, subtle film grain, no text, 16:9, small Seoul coffee bean shop interior, warm tungsten light, burlap coffee sacks, cramped wooden shelves, cozy but tired mood, small wall-mounted TV showing a news broadcast glow, shop interior around it",,,
C007,0:19,4.0,입,,"계산기를 두드리는 아버지, 한숨","anime style, Japanese TV animation look, 2D cel shading, clean confident lineart, painterly detailed background art, cinematic composition, dramatic lighting, subtle film grain, no text, 16:9, small Seoul coffee bean shop interior, warm tungsten light, burlap coffee sacks, cramped wooden shelves, cozy but tired mood, Seojin's father, Korean man in his early 50s, short graying hair, reading glasses pushed up on his forehead, brown canvas apron with coffee stains over a navy knit sweater, weary kind face at the counter tapping a calculator, sighing, invoices with dollar amounts scattered",,,
C008,0:23,5.0,입,,카운터에 엎드려 있던 서진이 고개를 들어 TV를 봄,"anime style, Japanese TV animation look, 2D cel shading, clean confident lineart, painterly detailed background art, cinematic composition, dramatic lighting, subtle film grain, no text, 16:9, small Seoul coffee bean shop interior, warm tungsten light, burlap coffee sacks, cramped wooden shelves, cozy but tired mood, Seojin, 20-year-old Korean male university student, slim, messy black hair with long bangs, sharp tired dark eyes, faint dark circles, oversized charcoal hoodie over a white t-shirt lifting his head from the counter, phone in hand, looking up at the TV with a puzzled frown",,,
C009,0:28,6.0,정지,,"서진 얼굴에서 정지, 채도가 빠짐","anime style, Japanese TV animation look, 2D cel shading, clean confident lineart, painterly detailed background art, cinematic composition, dramatic lighting, subtle film grain, no text, 16:9, small Seoul coffee bean shop interior, warm tungsten light, burlap coffee sacks, cramped wooden shelves, cozy but tired mood, Seojin, 20-year-old Korean male university student, slim, messy black hair with long bangs, sharp tired dark eyes, faint dark circles, oversized charcoal hoodie over a white t-shirt lifting his head from the counter, phone in hand, looking up at the TV with a puzzled frown",,정지 + 흑백 전환,
C010,0:34,6.0,그래픽,,"0.5초짜리 컷 6개를 빠르게. C026(절벽), C048(빛나는 눈), C052(명예 게이지), C066(항공모함), C085(찢어지는 코트), C081(모이는 실)",,,뒤에서 만든 컷을 잘라 씀. 컷마다 짧은 타격음,
C011,0:40,10.0,그래픽,,금·주황·청록 세 가닥 실이 한 점으로 모이며 로고가 나타남,,,"오버레이 01 (로고). 실은 편집 도구의 선 그리기로 움직이거나, C081의 실을 재사용",
C012,0:50,5.0,정지,,창고 겸 뒷방. 녹슨 금고 위에 멈춘 달력. 문간 빛 속에 서진의 실루엣,"anime style, Japanese TV animation look, 2D cel shading, clean confident lineart, painterly detailed background art, cinematic composition, dramatic lighting, subtle film grain, no text, 16:9, dim storage backroom, single bare bulb, dust floating in light beams, stacked burlap sacks, old metal shelves, small rusty green metal safe with a brass dial, chipped paint on the floor with an old wall calendar above it, Seojin, 20-year-old Korean male university student, slim, messy black hair with long bangs, sharp tired dark eyes, faint dark circles, oversized charcoal hoodie over a white t-shirt silhouetted in the bright doorway",,,
C013,0:55,4.0,정지,,달력 초근접,"anime style, Japanese TV animation look, 2D cel shading, clean confident lineart, painterly detailed background art, cinematic composition, dramatic lighting, subtle film grain, no text, 16:9, dim storage backroom, single bare bulb, dust floating in light beams, stacked burlap sacks, old metal shelves, close-up of an old yellowed paper wall calendar page, blank, curled edges, dust",,오버레이 11 (1997 / 12),
C014,0:59,5.0,입,,,"anime style, Japanese TV animation look, 2D cel shading, clean confident lineart, painterly detailed background art, cinematic composition, dramatic lighting, subtle film grain, no text, 16:9, small Seoul coffee bean shop interior, warm tungsten light, burlap coffee sacks, cramped wooden shelves, cozy but tired mood, Seojin's father, Korean man in his early 50s, short graying hair, reading glasses pushed up on his forehead, brown canvas apron with coffee stains over a navy knit sweater, weary kind face seen through the backroom doorway, turning his head over his shoulder",,,
C015,1:04,3.0,입,,,"anime style, Japanese TV animation look, 2D cel shading, clean confident lineart, painterly detailed background art, cinematic composition, dramatic lighting, subtle film grain, no text, 16:9, dim storage backroom, single bare bulb, dust floating in light beams, stacked burlap sacks, old metal shelves, Seojin, 20-year-old Korean male university student, slim, messy black hair with long bangs, sharp tired dark eyes, faint dark circles, oversized charcoal hoodie over a white t-shirt crouching beside small rusty green metal safe with a brass dial, chipped paint, looking back toward the door",,,
C016,1:07,7.0,입,,,"anime style, Japanese TV animation look, 2D cel shading, clean confident lineart, painterly detailed background art, cinematic composition, dramatic lighting, subtle film grain, no text, 16:9, small Seoul coffee bean shop interior, warm tungsten light, burlap coffee sacks, cramped wooden shelves, cozy but tired mood, close-up of Seojin's father, Korean man in his early 50s, short graying hair, reading glasses pushed up on his forehead, brown canvas apron with coffee stains over a navy knit sweater, weary kind face, shop light reflecting in his glasses, serious quiet expression",,,
C017,1:14,3.0,정지,,빛바랜 기억. 멈춘 재봉틀이 늘어선 빈 공장,"anime style, Japanese TV animation look, 2D cel shading, clean confident lineart, painterly detailed background art, cinematic composition, dramatic lighting, subtle film grain, no text, 16:9, sepia faded memory, empty 1990s textile factory, rows of idle sewing machines, dust, late afternoon light",,"가장자리 흐림, 필름 잡티",
C018,1:17,5.0,영상,,,"anime style, Japanese TV animation look, 2D cel shading, clean confident lineart, painterly detailed background art, cinematic composition, dramatic lighting, subtle film grain, no text, 16:9, dim storage backroom, single bare bulb, dust floating in light beams, stacked burlap sacks, old metal shelves, Seojin, 20-year-old Korean male university student, slim, messy black hair with long bangs, sharp tired dark eyes, faint dark circles, oversized charcoal hoodie over a white t-shirt's hand turning the brass dial and pulling open small rusty green metal safe with a brass dial, chipped paint","safe door swings open slowly, dust particles drift through the light beam",,
C019,1:22,4.0,정지,,,"anime style, Japanese TV animation look, 2D cel shading, clean confident lineart, painterly detailed background art, cinematic composition, dramatic lighting, subtle film grain, no text, 16:9, dim storage backroom, single bare bulb, dust floating in light beams, stacked burlap sacks, old metal shelves, inside the open safe, old worn cloth-bound hardcover book, faded dark blue cloth, frayed corners, blank gold-stamped cover, red ribbon bookmark wrapped in faded cloth, red ribbon bookmark sticking out",,,
C020,1:26,4.0,정지,,,"anime style, Japanese TV animation look, 2D cel shading, clean confident lineart, painterly detailed background art, cinematic composition, dramatic lighting, subtle film grain, no text, 16:9, top-down close-up of old worn cloth-bound hardcover book, faded dark blue cloth, frayed corners, blank gold-stamped cover, red ribbon bookmark cover in Seojin, 20-year-old Korean male university student, slim, messy black hair with long bangs, sharp tired dark eyes, faint dark circles, oversized charcoal hoodie over a white t-shirt's hands, worn cloth texture",,오버레이 12 (펠로폰네소스 전쟁사 / 투키디데스)를 표지에 얹기,
C021,1:30,5.0,정지,,,"anime style, Japanese TV animation look, 2D cel shading, clean confident lineart, painterly detailed background art, cinematic composition, dramatic lighting, subtle film grain, no text, 16:9, close-up of an open old book page with the red ribbon bookmark, wide blank margin, soft bulb light",,오버레이 10 (손글씨 메모)을 여백에 얹고 천천히 확대. 음악 한 번 '둥',
C022,1:35,3.0,입,,,"anime style, Japanese TV animation look, 2D cel shading, clean confident lineart, painterly detailed background art, cinematic composition, dramatic lighting, subtle film grain, no text, 16:9, dim storage backroom, single bare bulb, dust floating in light beams, stacked burlap sacks, old metal shelves, extreme close-up of Seojin, 20-year-old Korean male university student, slim, messy black hair with long bangs, sharp tired dark eyes, faint dark circles, oversized charcoal hoodie over a white t-shirt's eyes reading, bulb reflection in his pupils",,,
C023,1:38,4.0,영상,,,"anime style, Japanese TV animation look, 2D cel shading, clean confident lineart, painterly detailed background art, cinematic composition, dramatic lighting, subtle film grain, no text, 16:9, dim storage backroom, single bare bulb, dust floating in light beams, stacked burlap sacks, old metal shelves, close-up of the book page beginning to turn by itself","page flips, paper fibers lift off and swirl into the air like wind",,
C024,1:42,5.0,영상,★,,"anime style, Japanese TV animation look, 2D cel shading, clean confident lineart, painterly detailed background art, cinematic composition, dramatic lighting, subtle film grain, no text, 16:9, dim storage backroom, single bare bulb, dust floating in light beams, stacked burlap sacks, old metal shelves walls dissolving into flowing sand, bright sunlight pouring through the gaps, Seojin, 20-year-old Korean male university student, slim, messy black hair with long bangs, sharp tired dark eyes, faint dark circles, oversized charcoal hoodie over a white t-shirt shielding his eyes","walls crumble into sand and blow away, sunlight floods the room",,
C025,1:47,3.0,영상,,,"anime style, Japanese TV animation look, 2D cel shading, clean confident lineart, painterly detailed background art, cinematic composition, dramatic lighting, subtle film grain, no text, 16:9, ancient Aegean island, sun-bleached white limestone, deep cobalt sea, olive trees, bright Mediterranean sun, crisp shadows, white flash fading into a bright sea horizon, seagulls","white flash fades, seagulls fly across",,
C026,1:50,7.0,영상,★,"흰 석회암 절벽 위에 선 서진, 발아래 코발트빛 바다","anime style, Japanese TV animation look, 2D cel shading, clean confident lineart, painterly detailed background art, cinematic composition, dramatic lighting, subtle film grain, no text, 16:9, ancient Aegean island, sun-bleached white limestone, deep cobalt sea, olive trees, bright Mediterranean sun, crisp shadows, epic wide shot, Seojin, 20-year-old Korean male university student, slim, messy black hair with long bangs, sharp tired dark eyes, faint dark circles, oversized charcoal hoodie over a white t-shirt standing on a white limestone cliff edge above a vast cobalt sea, olive trees, wind","wind blows his hair and hoodie, slow crane up revealing the sea",오버레이 07 (BC 416 · 멜로스 섬),
C027,1:57,5.0,정지,,,"anime style, Japanese TV animation look, 2D cel shading, clean confident lineart, painterly detailed background art, cinematic composition, dramatic lighting, subtle film grain, no text, 16:9, ancient Aegean island, sun-bleached white limestone, deep cobalt sea, olive trees, bright Mediterranean sun, crisp shadows, telephoto view of the horizon, dozens of ancient Greek triremes with square sails, sunlight glinting on bronze rams and oars",,천천히 확대,
C028,2:02,3.0,정지,,,"anime style, Japanese TV animation look, 2D cel shading, clean confident lineart, painterly detailed background art, cinematic composition, dramatic lighting, subtle film grain, no text, 16:9, extreme close-up of a bronze stylus carving into ancient Greek wooden wax writing tablet with a dark wax surface, bronze stylus, semi-transparent glowing hand",,,
C029,2:05,6.0,영상,★,서진 뒤에 반투명한 투키디데스가 나타남,"anime style, Japanese TV animation look, 2D cel shading, clean confident lineart, painterly detailed background art, cinematic composition, dramatic lighting, subtle film grain, no text, 16:9, ancient Aegean island, sun-bleached white limestone, deep cobalt sea, olive trees, bright Mediterranean sun, crisp shadows, Thucydides, ghostly ancient Greek general in his fifties, semi-transparent body with a faint blue-white glow at the edges, short grey beard, deep-set piercing grey eyes, old scar through the left eyebrow, worn dark crimson wool cloak over a plain tunic, bronze brooch appearing behind Seojin, 20-year-old Korean male university student, slim, messy black hair with long bangs, sharp tired dark eyes, faint dark circles, oversized charcoal hoodie over a white t-shirt on the cliff, holding ancient Greek wooden wax writing tablet with a dark wax surface, bronze stylus, cloak fluttering, glowing edges","ghost fades in from light particles, cloak flutters in the wind",,
C030,2:11,3.0,입,,,"anime style, Japanese TV animation look, 2D cel shading, clean confident lineart, painterly detailed background art, cinematic composition, dramatic lighting, subtle film grain, no text, 16:9, ancient Aegean island, sun-bleached white limestone, deep cobalt sea, olive trees, bright Mediterranean sun, crisp shadows, Seojin, 20-year-old Korean male university student, slim, messy black hair with long bangs, sharp tired dark eyes, faint dark circles, oversized charcoal hoodie over a white t-shirt turning around startled, stepping back",,,
C031,2:14,8.0,입,,,"anime style, Japanese TV animation look, 2D cel shading, clean confident lineart, painterly detailed background art, cinematic composition, dramatic lighting, subtle film grain, no text, 16:9, ancient Aegean island, sun-bleached white limestone, deep cobalt sea, olive trees, bright Mediterranean sun, crisp shadows, medium shot of Thucydides, ghostly ancient Greek general in his fifties, semi-transparent body with a faint blue-white glow at the edges, short grey beard, deep-set piercing grey eyes, old scar through the left eyebrow, worn dark crimson wool cloak over a plain tunic, bronze brooch, calm cold expression, sea behind him",,오버레이 16 (투키디데스 이름 자막 바),
C032,2:22,2.0,입,,,"anime style, Japanese TV animation look, 2D cel shading, clean confident lineart, painterly detailed background art, cinematic composition, dramatic lighting, subtle film grain, no text, 16:9, ancient Aegean island, sun-bleached white limestone, deep cobalt sea, olive trees, bright Mediterranean sun, crisp shadows, Seojin, 20-year-old Korean male university student, slim, messy black hair with long bangs, sharp tired dark eyes, faint dark circles, oversized charcoal hoodie over a white t-shirt turning around startled, stepping back",,,
C033,2:24,8.0,정지,,,"anime style, Japanese TV animation look, 2D cel shading, clean confident lineart, painterly detailed background art, cinematic composition, dramatic lighting, subtle film grain, no text, 16:9, ancient Aegean island, sun-bleached white limestone, deep cobalt sea, olive trees, bright Mediterranean sun, crisp shadows, Thucydides, ghostly ancient Greek general in his fifties, semi-transparent body with a faint blue-white glow at the edges, short grey beard, deep-set piercing grey eyes, old scar through the left eyebrow, worn dark crimson wool cloak over a plain tunic, bronze brooch in profile gazing at the distant fleet, wind in his beard",,,
C034,2:32,9.0,영상,,,"anime style, Japanese TV animation look, 2D cel shading, clean confident lineart, painterly detailed background art, cinematic composition, dramatic lighting, subtle film grain, no text, 16:9, ancient Aegean island, sun-bleached white limestone, deep cobalt sea, olive trees, bright Mediterranean sun, crisp shadows, Thucydides, ghostly ancient Greek general in his fifties, semi-transparent body with a faint blue-white glow at the edges, short grey beard, deep-set piercing grey eyes, old scar through the left eyebrow, worn dark crimson wool cloak over a plain tunic, bronze brooch raising ancient Greek wooden wax writing tablet with a dark wax surface, bronze stylus toward the camera, the wax surface glowing faintly","tablet rises, wax glows brighter, slow push-in on his eyes",,
C035,2:41,6.0,영상,,,"anime style, Japanese TV animation look, 2D cel shading, clean confident lineart, painterly detailed background art, cinematic composition, dramatic lighting, subtle film grain, no text, 16:9, ancient Aegean island, sun-bleached white limestone, deep cobalt sea, olive trees, bright Mediterranean sun, crisp shadows, wide shot of a stone table under an old olive tree, Athenian envoy, clean-shaven stern middle-aged man, emotionless eyes, white chiton with a blue border, bronze Corinthian helmet held under one arm with armored guards on one side, Melian elder, old man with a long white beard, simple undyed wool robe, olive wreath, dignified but frightened eyes and Melian leaders on the other, Seojin, 20-year-old Korean male university student, slim, messy black hair with long bangs, sharp tired dark eyes, faint dark circles, oversized charcoal hoodie over a white t-shirt and Thucydides, ghostly ancient Greek general in his fifties, semi-transparent body with a faint blue-white glow at the edges, short grey beard, deep-set piercing grey eyes, old scar through the left eyebrow, worn dark crimson wool cloak over a plain tunic, bronze brooch standing unseen beside a column","leaves sway, slow dolly toward the table",,
C036,2:47,5.0,정지,,,"anime style, Japanese TV animation look, 2D cel shading, clean confident lineart, painterly detailed background art, cinematic composition, dramatic lighting, subtle film grain, no text, 16:9, ancient parchment map of the Aegean, a blue fleet emblem over Athens, a red spear emblem over Sparta, a tiny island between them",,"'아테네', '스파르타', '멜로스' 글자를 편집에서 얹기",
C037,2:52,6.0,정지,,,"anime style, Japanese TV animation look, 2D cel shading, clean confident lineart, painterly detailed background art, cinematic composition, dramatic lighting, subtle film grain, no text, 16:9, ancient parchment map of the Aegean, a blue fleet emblem over Athens, a red spear emblem over Sparta, a tiny island between them",,확대하면서 지도 잉크가 물결처럼 번지는 효과,
C038,2:58,7.0,입,,,"anime style, Japanese TV animation look, 2D cel shading, clean confident lineart, painterly detailed background art, cinematic composition, dramatic lighting, subtle film grain, no text, 16:9, ancient Aegean island, sun-bleached white limestone, deep cobalt sea, olive trees, bright Mediterranean sun, crisp shadows, Melian elder, old man with a long white beard, simple undyed wool robe, olive wreath, dignified but frightened eyes leaning forward over the stone table, pleading with dignity",,,
C039,3:05,3.0,정지,,,"anime style, Japanese TV animation look, 2D cel shading, clean confident lineart, painterly detailed background art, cinematic composition, dramatic lighting, subtle film grain, no text, 16:9, ancient Aegean island, sun-bleached white limestone, deep cobalt sea, olive trees, bright Mediterranean sun, crisp shadows, close-up of Athenian envoy, clean-shaven stern middle-aged man, emotionless eyes, white chiton with a blue border, bronze Corinthian helmet held under one arm slowly raising his head, no expression",,,
C040,3:08,8.0,입,,,"anime style, Japanese TV animation look, 2D cel shading, clean confident lineart, painterly detailed background art, cinematic composition, dramatic lighting, subtle film grain, no text, 16:9, ancient Aegean island, sun-bleached white limestone, deep cobalt sea, olive trees, bright Mediterranean sun, crisp shadows, close-up of Athenian envoy, clean-shaven stern middle-aged man, emotionless eyes, white chiton with a blue border, bronze Corinthian helmet held under one arm slowly raising his head, no expression",,,
C041,3:16,3.0,영상,★,,"anime style, Japanese TV animation look, 2D cel shading, clean confident lineart, painterly detailed background art, cinematic composition, dramatic lighting, subtle film grain, no text, 16:9, ancient Aegean island, sun-bleached white limestone, deep cobalt sea, olive trees, bright Mediterranean sun, crisp shadows, olive leaves and ocean spray frozen in mid-air around the stone table","everything freezes, particles hang in the air, subtle slow drift",,
C042,3:19,7.0,영상,★,,"anime style, Japanese TV animation look, 2D cel shading, clean confident lineart, painterly detailed background art, cinematic composition, dramatic lighting, subtle film grain, no text, 16:9, ancient Aegean island, sun-bleached white limestone, deep cobalt sea, olive trees, bright Mediterranean sun, crisp shadows, extreme close-up of Athenian envoy, clean-shaven stern middle-aged man, emotionless eyes, white chiton with a blue border, bronze Corinthian helmet held under one arm's cold eyes, harsh sunlight, frozen leaves in the foreground","very slow push-in, eyes narrow slightly",오버레이 09 (투키디데스 · 5권 89절),
C043,3:26,3.0,영상,,,"anime style, Japanese TV animation look, 2D cel shading, clean confident lineart, painterly detailed background art, cinematic composition, dramatic lighting, subtle film grain, no text, 16:9, ancient Aegean island, sun-bleached white limestone, deep cobalt sea, olive trees, bright Mediterranean sun, crisp shadows, the Melian leaders' pale shocked faces, a clay cup tipping over on the stone table",cup falls and wine spills slowly,,
C044,3:29,3.0,입,,,"anime style, Japanese TV animation look, 2D cel shading, clean confident lineart, painterly detailed background art, cinematic composition, dramatic lighting, subtle film grain, no text, 16:9, ancient Aegean island, sun-bleached white limestone, deep cobalt sea, olive trees, bright Mediterranean sun, crisp shadows, Seojin, 20-year-old Korean male university student, slim, messy black hair with long bangs, sharp tired dark eyes, faint dark circles, oversized charcoal hoodie over a white t-shirt whispering to Thucydides, ghostly ancient Greek general in his fifties, semi-transparent body with a faint blue-white glow at the edges, short grey beard, deep-set piercing grey eyes, old scar through the left eyebrow, worn dark crimson wool cloak over a plain tunic, bronze brooch beside the column, disbelief",,,
C045,3:32,9.0,입,,,"anime style, Japanese TV animation look, 2D cel shading, clean confident lineart, painterly detailed background art, cinematic composition, dramatic lighting, subtle film grain, no text, 16:9, ancient Aegean island, sun-bleached white limestone, deep cobalt sea, olive trees, bright Mediterranean sun, crisp shadows, Thucydides, ghostly ancient Greek general in his fifties, semi-transparent body with a faint blue-white glow at the edges, short grey beard, deep-set piercing grey eyes, old scar through the left eyebrow, worn dark crimson wool cloak over a plain tunic, bronze brooch with arms crossed, faint bitter smile",,"""신의 뜻, 문명, 평화""에 맞춰 C046을 끼워 넣음",
C046,3:38,4.0,영상,,,"anime style, Japanese TV animation look, 2D cel shading, clean confident lineart, painterly detailed background art, cinematic composition, dramatic lighting, subtle film grain, no text, 16:9, three draped objects on pedestals: a golden temple model, a torch, a white dove, the silk drapes being pulled away to reveal a bronze spearhead underneath each",drapes slide off one by one,,
C047,3:45,4.0,영상,,,"anime style, Japanese TV animation look, 2D cel shading, clean confident lineart, painterly detailed background art, cinematic composition, dramatic lighting, subtle film grain, no text, 16:9, ancient Aegean island, sun-bleached white limestone, deep cobalt sea, olive trees, bright Mediterranean sun, crisp shadows, side close-up, Thucydides, ghostly ancient Greek general in his fifties, semi-transparent body with a faint blue-white glow at the edges, short grey beard, deep-set piercing grey eyes, old scar through the left eyebrow, worn dark crimson wool cloak over a plain tunic, bronze brooch's glowing semi-transparent palm covering Seojin, 20-year-old Korean male university student, slim, messy black hair with long bangs, sharp tired dark eyes, faint dark circles, oversized charcoal hoodie over a white t-shirt's eyes",hand slowly lifts away,,
C048,3:49,4.0,영상,★★,,"anime style, Japanese TV animation look, 2D cel shading, clean confident lineart, painterly detailed background art, cinematic composition, dramatic lighting, subtle film grain, no text, 16:9, extreme close-up of Seojin, 20-year-old Korean male university student, slim, messy black hair with long bangs, sharp tired dark eyes, faint dark circles, oversized charcoal hoodie over a white t-shirt's eye opening, three small lights reflected in the iris: red, gold, green, the background drained of color","eye opens, iris lights ignite, color drains from the world",,
C049,3:53,6.0,정지,,,"anime style, Japanese TV animation look, 2D cel shading, clean confident lineart, painterly detailed background art, cinematic composition, dramatic lighting, subtle film grain, no text, 16:9, ancient Aegean island, sun-bleached white limestone, deep cobalt sea, olive trees, bright Mediterranean sun, crisp shadows desaturated, Athenian envoy, clean-shaven stern middle-aged man, emotionless eyes, white chiton with a blue border, bronze Corinthian helmet held under one arm standing still, empty space above his head",,오버레이 02 (빈 게이지) → 03 (기본값)으로 차오름. 차오를 때 짧은 전자음,
C050,3:59,2.0,입,,,"anime style, Japanese TV animation look, 2D cel shading, clean confident lineart, painterly detailed background art, cinematic composition, dramatic lighting, subtle film grain, no text, 16:9, ancient Aegean island, sun-bleached white limestone, deep cobalt sea, olive trees, bright Mediterranean sun, crisp shadows, Seojin, 20-year-old Korean male university student, slim, messy black hair with long bangs, sharp tired dark eyes, faint dark circles, oversized charcoal hoodie over a white t-shirt whispering to Thucydides, ghostly ancient Greek general in his fifties, semi-transparent body with a faint blue-white glow at the edges, short grey beard, deep-set piercing grey eyes, old scar through the left eyebrow, worn dark crimson wool cloak over a plain tunic, bronze brooch beside the column, disbelief",,,
C051,4:01,5.0,입,,,"anime style, Japanese TV animation look, 2D cel shading, clean confident lineart, painterly detailed background art, cinematic composition, dramatic lighting, subtle film grain, no text, 16:9, ancient Aegean island, sun-bleached white limestone, deep cobalt sea, olive trees, bright Mediterranean sun, crisp shadows desaturated, Thucydides, ghostly ancient Greek general in his fifties, semi-transparent body with a faint blue-white glow at the edges, short grey beard, deep-set piercing grey eyes, old scar through the left eyebrow, worn dark crimson wool cloak over a plain tunic, bronze brooch pointing at the envoy",,"""두려움, 명예, 이익""에 맞춰 게이지가 한 줄씩 빛남",
C052,4:06,4.0,그래픽,★,,,,오버레이 04 (명예 최대). 금색 게이지가 끝까지 차면서 화면 가장자리에 금빛이 번짐,
C053,4:10,7.0,정지,,,"anime style, Japanese TV animation look, 2D cel shading, clean confident lineart, painterly detailed background art, cinematic composition, dramatic lighting, subtle film grain, no text, 16:9, ancient Aegean island, sun-bleached white limestone, deep cobalt sea, olive trees, bright Mediterranean sun, crisp shadows, high aerial view of the Aegean with many small islands, the Athenian fleet surrounding one tiny island",,,
C054,4:17,8.0,정지,,,"anime style, Japanese TV animation look, 2D cel shading, clean confident lineart, painterly detailed background art, cinematic composition, dramatic lighting, subtle film grain, no text, 16:9, ancient Aegean island, sun-bleached white limestone, deep cobalt sea, olive trees, bright Mediterranean sun, crisp shadows, silhouettes of people standing on distant neighboring islands, all watching toward one island, dusk light",,,
C055,4:25,4.0,입,,,"anime style, Japanese TV animation look, 2D cel shading, clean confident lineart, painterly detailed background art, cinematic composition, dramatic lighting, subtle film grain, no text, 16:9, ancient Aegean island, sun-bleached white limestone, deep cobalt sea, olive trees, bright Mediterranean sun, crisp shadows, close-up of Thucydides, ghostly ancient Greek general in his fifties, semi-transparent body with a faint blue-white glow at the edges, short grey beard, deep-set piercing grey eyes, old scar through the left eyebrow, worn dark crimson wool cloak over a plain tunic, bronze brooch, cold eyes",,,
C056,4:29,2.0,입,,,"anime style, Japanese TV animation look, 2D cel shading, clean confident lineart, painterly detailed background art, cinematic composition, dramatic lighting, subtle film grain, no text, 16:9, ancient Aegean island, sun-bleached white limestone, deep cobalt sea, olive trees, bright Mediterranean sun, crisp shadows, Seojin, 20-year-old Korean male university student, slim, messy black hair with long bangs, sharp tired dark eyes, faint dark circles, oversized charcoal hoodie over a white t-shirt whispering to Thucydides, ghostly ancient Greek general in his fifties, semi-transparent body with a faint blue-white glow at the edges, short grey beard, deep-set piercing grey eyes, old scar through the left eyebrow, worn dark crimson wool cloak over a plain tunic, bronze brooch beside the column, disbelief",,,
C057,4:31,10.0,정지,,,"anime style, Japanese TV animation look, 2D cel shading, clean confident lineart, painterly detailed background art, cinematic composition, dramatic lighting, subtle film grain, no text, 16:9, ancient Aegean island, sun-bleached white limestone, deep cobalt sea, olive trees, bright Mediterranean sun, crisp shadows desaturated, Athenian envoy, clean-shaven stern middle-aged man, emotionless eyes, white chiton with a blue border, bronze Corinthian helmet held under one arm standing still, empty space above his head",,오버레이 03. 대사에 맞춰 두려움 → 명예 → 이익 순서로 게이지가 한 번씩 번쩍,
C058,4:41,6.0,입,,,"anime style, Japanese TV animation look, 2D cel shading, clean confident lineart, painterly detailed background art, cinematic composition, dramatic lighting, subtle film grain, no text, 16:9, ancient Aegean island, sun-bleached white limestone, deep cobalt sea, olive trees, bright Mediterranean sun, crisp shadows, Thucydides, ghostly ancient Greek general in his fifties, semi-transparent body with a faint blue-white glow at the edges, short grey beard, deep-set piercing grey eyes, old scar through the left eyebrow, worn dark crimson wool cloak over a plain tunic, bronze brooch turning away toward the sea, cloak moving",,,
C059,4:47,7.0,영상,★,,"anime style, Japanese TV animation look, 2D cel shading, clean confident lineart, painterly detailed background art, cinematic composition, dramatic lighting, subtle film grain, no text, 16:9, ancient Aegean island, sun-bleached white limestone, deep cobalt sea, olive trees, bright Mediterranean sun, crisp shadows city walls on the island seen from the cliff at sunset","time-lapse, sun sets fast, colors shift from gold to cold slate blue, clouds race",,
C060,4:54,6.0,정지,,,"anime style, Japanese TV animation look, 2D cel shading, clean confident lineart, painterly detailed background art, cinematic composition, dramatic lighting, subtle film grain, no text, 16:9, the same island in winter, desaturated slate blue and ash grey, cold low sun, bare olive trees, light snow flurries, empty hillside, a bare olive tree, a torn cloth fluttering on a broken spear shaft stuck in the ground, no people",,,
C061,5:00,7.0,정지,,,"anime style, Japanese TV animation look, 2D cel shading, clean confident lineart, painterly detailed background art, cinematic composition, dramatic lighting, subtle film grain, no text, 16:9, the same island in winter, desaturated slate blue and ash grey, cold low sun, bare olive trees, light snow flurries, close-up of a stylus carving into ancient Greek wooden wax writing tablet with a dark wax surface, bronze stylus, snowflakes landing on the wax",,,
C062,5:07,5.0,정지,,,"anime style, Japanese TV animation look, 2D cel shading, clean confident lineart, painterly detailed background art, cinematic composition, dramatic lighting, subtle film grain, no text, 16:9, the same island in winter, desaturated slate blue and ash grey, cold low sun, bare olive trees, light snow flurries, close-up of Seojin, 20-year-old Korean male university student, slim, messy black hair with long bangs, sharp tired dark eyes, faint dark circles, oversized charcoal hoodie over a white t-shirt's clenched fist trembling",,오버레이 10 (메모)을 반투명하게 겹침,
C063,5:12,5.0,입,,,"anime style, Japanese TV animation look, 2D cel shading, clean confident lineart, painterly detailed background art, cinematic composition, dramatic lighting, subtle film grain, no text, 16:9, the same island in winter, desaturated slate blue and ash grey, cold low sun, bare olive trees, light snow flurries, Seojin, 20-year-old Korean male university student, slim, messy black hair with long bangs, sharp tired dark eyes, faint dark circles, oversized charcoal hoodie over a white t-shirt looking up at Thucydides, ghostly ancient Greek general in his fifties, semi-transparent body with a faint blue-white glow at the edges, short grey beard, deep-set piercing grey eyes, old scar through the left eyebrow, worn dark crimson wool cloak over a plain tunic, bronze brooch, eyes wet but angry",,,
C064,5:17,6.0,입,,,"anime style, Japanese TV animation look, 2D cel shading, clean confident lineart, painterly detailed background art, cinematic composition, dramatic lighting, subtle film grain, no text, 16:9, the same island in winter, desaturated slate blue and ash grey, cold low sun, bare olive trees, light snow flurries, Thucydides, ghostly ancient Greek general in his fifties, semi-transparent body with a faint blue-white glow at the edges, short grey beard, deep-set piercing grey eyes, old scar through the left eyebrow, worn dark crimson wool cloak over a plain tunic, bronze brooch with a softer expression, snow passing through his translucent body",,,
C065,5:23,5.0,영상,,,"anime style, Japanese TV animation look, 2D cel shading, clean confident lineart, painterly detailed background art, cinematic composition, dramatic lighting, subtle film grain, no text, 16:9, infinite black void, single hard spotlight from above, faint haze, Thucydides, ghostly ancient Greek general in his fifties, semi-transparent body with a faint blue-white glow at the edges, short grey beard, deep-set piercing grey eyes, old scar through the left eyebrow, worn dark crimson wool cloak over a plain tunic, bronze brooch carving into ancient Greek wooden wax writing tablet with a dark wax surface, bronze stylus, the grooves glowing gold","stylus moves, carved lines ignite with light",빛나는 홈 위에 '2026' 숫자를 얹기,
C066,5:28,7.0,영상,★★,,"anime style, Japanese TV animation look, 2D cel shading, clean confident lineart, painterly detailed background art, cinematic composition, dramatic lighting, subtle film grain, no text, 16:9, ocean-level shot, the bronze ram of an ancient trireme cutting through waves","the wooden trireme bow morphs into the massive steel bow of a modern aircraft carrier, spray explodes, camera pulls back",,
C067,5:35,7.0,정지,,,"anime style, Japanese TV animation look, 2D cel shading, clean confident lineart, painterly detailed background art, cinematic composition, dramatic lighting, subtle film grain, no text, 16:9, stylized satellite map at night, dark ocean, softly glowing coastlines, tiny orange ship lights, infographic mood, top-down view of a narrow sea strait between two coastlines, dozens of orange tanker lights moving in a line",,오버레이 08 (호르무즈 해협 자막 바). 천천히 확대,
C068,5:42,5.0,정지,,,"anime style, Japanese TV animation look, 2D cel shading, clean confident lineart, painterly detailed background art, cinematic composition, dramatic lighting, subtle film grain, no text, 16:9, stylized satellite map at night, dark ocean, softly glowing coastlines, tiny orange ship lights, infographic mood, closer top-down view of oil tankers crowded in the narrow strait, wakes glowing",,,
C069,5:47,6.0,정지,,,"anime style, Japanese TV animation look, 2D cel shading, clean confident lineart, painterly detailed background art, cinematic composition, dramatic lighting, subtle film grain, no text, 16:9, stylized satellite map at night, dark ocean, softly glowing coastlines, tiny orange ship lights, infographic mood, a colossal shadowy silhouette of a man in a suit standing over the glowing map like a giant, face in darkness",,오버레이 02 (빈 게이지)를 실루엣 머리 위에,
C070,5:53,4.0,그래픽,,,,,붉은 게이지 상승 + 원자 모양 아이콘 번쩍,
C071,5:57,2.0,입,,,"anime style, Japanese TV animation look, 2D cel shading, clean confident lineart, painterly detailed background art, cinematic composition, dramatic lighting, subtle film grain, no text, 16:9, ancient Aegean island, sun-bleached white limestone, deep cobalt sea, olive trees, bright Mediterranean sun, crisp shadows, close-up of Thucydides, ghostly ancient Greek general in his fifties, semi-transparent body with a faint blue-white glow at the edges, short grey beard, deep-set piercing grey eyes, old scar through the left eyebrow, worn dark crimson wool cloak over a plain tunic, bronze brooch, cold eyes",,,
C072,5:59,5.0,그래픽,,,,,금색 게이지 상승 + 붉은 선을 긋는 손 아이콘,
C073,6:04,3.0,입,,,"anime style, Japanese TV animation look, 2D cel shading, clean confident lineart, painterly detailed background art, cinematic composition, dramatic lighting, subtle film grain, no text, 16:9, ancient Aegean island, sun-bleached white limestone, deep cobalt sea, olive trees, bright Mediterranean sun, crisp shadows, close-up of Thucydides, ghostly ancient Greek general in his fifties, semi-transparent body with a faint blue-white glow at the edges, short grey beard, deep-set piercing grey eyes, old scar through the left eyebrow, worn dark crimson wool cloak over a plain tunic, bronze brooch, cold eyes",,,
C074,6:07,4.0,그래픽,★,,,,오버레이 05 (안개 게이지). 안개가 천천히 흐르게 좌우로 살짝 이동,
C075,6:11,3.0,입,,,"anime style, Japanese TV animation look, 2D cel shading, clean confident lineart, painterly detailed background art, cinematic composition, dramatic lighting, subtle film grain, no text, 16:9, infinite black void, single hard spotlight from above, faint haze, Seojin, 20-year-old Korean male university student, slim, messy black hair with long bangs, sharp tired dark eyes, faint dark circles, oversized charcoal hoodie over a white t-shirt squinting in confusion",,,
C076,6:14,8.0,입,,,"anime style, Japanese TV animation look, 2D cel shading, clean confident lineart, painterly detailed background art, cinematic composition, dramatic lighting, subtle film grain, no text, 16:9, infinite black void, single hard spotlight from above, faint haze, close-up of Thucydides, ghostly ancient Greek general in his fifties, semi-transparent body with a faint blue-white glow at the edges, short grey beard, deep-set piercing grey eyes, old scar through the left eyebrow, worn dark crimson wool cloak over a plain tunic, bronze brooch, eyes glowing faintly blue",,,
C077,6:22,7.0,영상,,,"anime style, Japanese TV animation look, 2D cel shading, clean confident lineart, painterly detailed background art, cinematic composition, dramatic lighting, subtle film grain, no text, 16:9, dark room, a glowing oil price line chart on a monitor",the chart line peels off the screen and becomes a glowing amber thread floating into the air,,
C078,6:29,5.0,정지,,,"anime style, Japanese TV animation look, 2D cel shading, clean confident lineart, painterly detailed background art, cinematic composition, dramatic lighting, subtle film grain, no text, 16:9, Texas plains at dusk, oil pump jacks and a shale drilling rig, a glowing amber thread passing through the sky",,,
C079,6:34,7.0,정지,,,"anime style, Japanese TV animation look, 2D cel shading, clean confident lineart, painterly detailed background art, cinematic composition, dramatic lighting, subtle film grain, no text, 16:9, an oil tanker in a narrow strait at night, a giant blank insurance certificate with a red wax seal hovering over the water like a gate",,,
C080,6:41,7.0,영상,,,"anime style, Japanese TV animation look, 2D cel shading, clean confident lineart, painterly detailed background art, cinematic composition, dramatic lighting, subtle film grain, no text, 16:9, an LNG carrier ship with round tanks sailing toward an East Asian harbor at night, gold, amber and teal threads trailing behind it","ship sails forward, threads ripple in the wind",,
C081,6:48,8.0,영상,★★,,"anime style, Japanese TV animation look, 2D cel shading, clean confident lineart, painterly detailed background art, cinematic composition, dramatic lighting, subtle film grain, no text, 16:9, pre-dawn darkness, deep navy and black, burning amber glow on the horizon, hundreds of glowing gold, amber and teal threads flying across a dark ocean, converging on a distant white-domed building glowing on the horizon","threads rush toward the horizon and converge, the dome glows brighter",,
C082,6:56,3.0,그래픽,,검은 화면,,,,
C083,6:59,6.0,정지,,,"anime style, Japanese TV animation look, 2D cel shading, clean confident lineart, painterly detailed background art, cinematic composition, dramatic lighting, subtle film grain, no text, 16:9, infinite black void, single hard spotlight from above, faint haze, towering faceless figure, face always hidden in deep shadow, slender elegant silhouette, long tailored coat standing with his back turned in a black trench coat, single spotlight",,아주 천천히 확대,
C084,7:05,5.0,정지,,,"anime style, Japanese TV animation look, 2D cel shading, clean confident lineart, painterly detailed background art, cinematic composition, dramatic lighting, subtle film grain, no text, 16:9, infinite black void, single hard spotlight from above, faint haze, a torn golden coat lying crumpled on the floor at the figure's feet, gold dust scattered",,,
C085,7:10,5.0,영상,★,,"anime style, Japanese TV animation look, 2D cel shading, clean confident lineart, painterly detailed background art, cinematic composition, dramatic lighting, subtle film grain, no text, 16:9, infinite black void, single hard spotlight from above, faint haze, close-up of the shoulder seam of towering faceless figure, face always hidden in deep shadow, slender elegant silhouette, long tailored coat's black oil-sheen trench coat","the seam slowly tears open, threads snapping one by one",,
C086,7:15,0.04,정지,,,"anime style, Japanese TV animation look, 2D cel shading, clean confident lineart, painterly detailed background art, cinematic composition, dramatic lighting, subtle film grain, no text, 16:9, infinite black void, single hard spotlight from above, faint haze, extreme close-up of a deep navy coat lining with a subtle repeating geometric pattern, faint glow",,1프레임(약 0.04초)만 끼워 넣기. 떡밥이니 절대 늘리지 않음,
C087,7:16,10.0,정지,,,"anime style, Japanese TV animation look, 2D cel shading, clean confident lineart, painterly detailed background art, cinematic composition, dramatic lighting, subtle film grain, no text, 16:9, infinite black void, single hard spotlight from above, faint haze, towering faceless figure, face always hidden in deep shadow, slender elegant silhouette, long tailored coat standing with his back turned in a black trench coat, single spotlight",,"""금 / 석유 / 지금""에 맞춰 금빛 → 검은빛 → 청록빛 조명이 한 번씩 스침",
C088,7:26,7.0,영상,★,,"anime style, Japanese TV animation look, 2D cel shading, clean confident lineart, painterly detailed background art, cinematic composition, dramatic lighting, subtle film grain, no text, 16:9, infinite black void, single hard spotlight from above, faint haze, towering faceless figure, face always hidden in deep shadow, slender elegant silhouette, long tailored coat beginning to turn his head toward the camera, face still in shadow","head turns slowly, light creeps toward his face",,
C089,7:33,9.0,입,,,"anime style, Japanese TV animation look, 2D cel shading, clean confident lineart, painterly detailed background art, cinematic composition, dramatic lighting, subtle film grain, no text, 16:9, infinite black void, single hard spotlight from above, faint haze, Thucydides, ghostly ancient Greek general in his fifties, semi-transparent body with a faint blue-white glow at the edges, short grey beard, deep-set piercing grey eyes, old scar through the left eyebrow, worn dark crimson wool cloak over a plain tunic, bronze brooch standing alone in the spotlight, grave expression",,,
C090,7:42,6.0,정지,,,"anime style, Japanese TV animation look, 2D cel shading, clean confident lineart, painterly detailed background art, cinematic composition, dramatic lighting, subtle film grain, no text, 16:9, dim storage backroom, single bare bulb, dust floating in light beams, stacked burlap sacks, old metal shelves in the evening, Seojin, 20-year-old Korean male university student, slim, messy black hair with long bangs, sharp tired dark eyes, faint dark circles, oversized charcoal hoodie over a white t-shirt sitting on a sack with old worn cloth-bound hardcover book, faded dark blue cloth, frayed corners, blank gold-stamped cover, red ribbon bookmark closed on his lap, blue TV glow from the shop doorway",,,
C091,7:48,5.0,영상,,,"anime style, Japanese TV animation look, 2D cel shading, clean confident lineart, painterly detailed background art, cinematic composition, dramatic lighting, subtle film grain, no text, 16:9, small Seoul coffee bean shop interior, warm tungsten light, burlap coffee sacks, cramped wooden shelves, cozy but tired mood, TV screen showing an oil price graph, Seojin, 20-year-old Korean male university student, slim, messy black hair with long bangs, sharp tired dark eyes, faint dark circles, oversized charcoal hoodie over a white t-shirt watching from the doorway","faint glowing threads drift out of the TV screen, he rubs his eyes",,
C092,7:53,5.0,입,,,"anime style, Japanese TV animation look, 2D cel shading, clean confident lineart, painterly detailed background art, cinematic composition, dramatic lighting, subtle film grain, no text, 16:9, dim storage backroom, single bare bulb, dust floating in light beams, stacked burlap sacks, old metal shelves, close-up of Seojin, 20-year-old Korean male university student, slim, messy black hair with long bangs, sharp tired dark eyes, faint dark circles, oversized charcoal hoodie over a white t-shirt, quiet determined face",,,
C093,7:58,6.0,입,,,"anime style, Japanese TV animation look, 2D cel shading, clean confident lineart, painterly detailed background art, cinematic composition, dramatic lighting, subtle film grain, no text, 16:9, dim storage backroom, single bare bulb, dust floating in light beams, stacked burlap sacks, old metal shelves, Thucydides, ghostly ancient Greek general in his fifties, semi-transparent body with a faint blue-white glow at the edges, short grey beard, deep-set piercing grey eyes, old scar through the left eyebrow, worn dark crimson wool cloak over a plain tunic, bronze brooch leaning against a metal shelf behind Seojin, translucent, faint smile",,,
C094,8:04,9.0,그래픽,,,,,오버레이 13 (오늘의 한 문장 카드) + 마지막 3초에 오버레이 14 (고지),
C095,8:13,5.0,정지,,,"anime style, Japanese TV animation look, 2D cel shading, clean confident lineart, painterly detailed background art, cinematic composition, dramatic lighting, subtle film grain, no text, 16:9, empty modern university lecture hall at dusk, green chalkboard, rows of wooden seats, warm window light, green chalkboard with two large chalk-drawn numbers area left blank",,칠판에 '16'과 '12'를 분필 글씨로 얹기,
C096,8:18,8.0,입,,,"anime style, Japanese TV animation look, 2D cel shading, clean confident lineart, painterly detailed background art, cinematic composition, dramatic lighting, subtle film grain, no text, 16:9, empty modern university lecture hall at dusk, green chalkboard, rows of wooden seats, warm window light, Thucydides, ghostly ancient Greek general in his fifties, semi-transparent body with a faint blue-white glow at the edges, short grey beard, deep-set piercing grey eyes, old scar through the left eyebrow, worn dark crimson wool cloak over a plain tunic, bronze brooch standing at the chalkboard holding chalk",,,
C097,8:26,2.0,영상,,,"anime style, Japanese TV animation look, 2D cel shading, clean confident lineart, painterly detailed background art, cinematic composition, dramatic lighting, subtle film grain, no text, 16:9, empty modern university lecture hall at dusk, green chalkboard, rows of wooden seats, warm window light, close-up of chalk in Thucydides, ghostly ancient Greek general in his fifties, semi-transparent body with a faint blue-white glow at the edges, short grey beard, deep-set piercing grey eyes, old scar through the left eyebrow, worn dark crimson wool cloak over a plain tunic, bronze brooch's fingers","chalk snaps in half, dust bursts",,
C098,8:28,6.0,입,,,"anime style, Japanese TV animation look, 2D cel shading, clean confident lineart, painterly detailed background art, cinematic composition, dramatic lighting, subtle film grain, no text, 16:9, empty modern university lecture hall at dusk, green chalkboard, rows of wooden seats, warm window light, Thucydides, ghostly ancient Greek general in his fifties, semi-transparent body with a faint blue-white glow at the edges, short grey beard, deep-set piercing grey eyes, old scar through the left eyebrow, worn dark crimson wool cloak over a plain tunic, bronze brooch standing at the chalkboard holding chalk",,,
C099,8:34,6.0,그래픽,,,,,오버레이 15 (다음 화 예고 카드),
C100,8:40,15.0,그래픽,,,,,"오버레이 01 (로고)을 어두운 배경에 깔고, 오른쪽 절반은 비워 둠. YouTube 스튜디오에서 이 자리에 '구독' 버튼과 '재생목록'을 배치 (최종 화면은 영상 마지막 5~20초에만 넣을 수 있음)",
